<productinfo
  xmlns:xsi="http://www.w3.org/2001/XMLSchema-instance"
  xsi:noNamespaceSchemaLocation="optional">
<?xml-stylesheet type="text/xsl" href="optional"?>

<matlabrelease>R2008a</matlabrelease>
<name>DIPimage</name>
<type>toolbox</type>
<icon>private/dip_icon.gif</icon>
<help_location>docs</help_location>

<list>

<listitem>
<label>DIPimage GUI</label>
<callback>dipimage</callback>
<icon>$toolbox/matlab/icons/figureicon.gif</icon>
</listitem>

<listitem>
   <label>Help</label>
   <callback>doc dipimage</callback>
   <icon>$toolbox/matlab/icons/helpicon.gif</icon>
</listitem>

<listitem>
   <label>Demos</label>
   <callback>demo('toolbox','DIPimage')</callback>
   <icon>$toolbox/matlab/icons/demoicon.gif</icon>
</listitem>

<listitem>
   <label>User Guide (PDF)</label>
   <callback>web(dipgetpref('UserManualLocation'),'-browser');</callback>
   <icon>$toolbox/matlab/icons/pdficon.gif</icon>
</listitem>

<listitem>
   <label>Product Page (Web)</label>
   <callback>web http://www.diplib.org/ -browser;</callback>
   <icon>$toolbox/matlab/icons/webicon.gif</icon>
</listitem>

</list>

</productinfo>
